season,url
2025-2026 NBA Player Stats,https://www.nbastuffer.com/2025-2026-nba-player-stats/
2024-2025 NBA Player Stats,https://www.nbastuffer.com/2024-2025-nba-player-stats/
2023-2024 NBA Player Stats,https://www.nbastuffer.com/2023-2024-nba-player-stats/
2022-2023 NBA Player Stats,https://www.nbastuffer.com/2022-2023-nba-player-stats/
2021-2022 NBA Player Stats,https://www.nbastuffer.com/2021-2022-nba-player-stats/
2020-2021 NBA Player Stats,https://www.nbastuffer.com/2020-2021-nba-player-stats/
2019-2020 NBA Player Stats,https://www.nbastuffer.com/2019-2020-nba-player-stats/
2018-2019 NBA Player Stats,https://www.nbastuffer.com/2018-2019-nba-player-stats/
2017-2018 NBA Player Stats,https://www.nbastuffer.com/2017-2018-nba-player-stats/
